id,first_name,last_name,email,gender,ip_address
1,Gwenni,Benois,gbenois0@hud.gov,Female,117.249.169.200
2,Corbin,Bonner,cbonner1@rediff.com,Male,220.233.227.180
3,Scarface,Gilleon,sgilleon2@slideshare.net,Male,219.0.191.15
4,Obediah,Duffell,oduffell3@dion.ne.jp,Male,215.111.206.98
5,Jarad,Karchewski,jkarchewski4@jiathis.com,Male,176.181.68.147
6,Osmond,McIsaac,omcisaac5@wikispaces.com,Male,168.170.233.79
7,Lothaire,Spaxman,lspaxman6@marriott.com,Male,159.167.87.195
8,Jennifer,Quan,jquan7@topsy.com,Female,39.19.58.219
9,Cortie,Alvarez,calvarez8@youtube.com,Male,51.175.234.87
10,Catharine,Somes,csomes9@usa.gov,Female,229.3.53.158
11,Nicolais,Maving,nmavinga@noaa.gov,Male,173.59.137.100
12,Rozanne,Kyndred,rkyndredb@canalblog.com,Female,231.60.36.143
13,Ofella,Petronis,opetronisc@census.gov,Female,156.144.25.97
14,Meredeth,Langeley,mlangeleyd@dot.gov,Male,194.254.23.122
15,Lilia,Wey,lweye@salon.com,Female,128.148.81.246
16,Nicol,Carless,ncarlessf@unc.edu,Male,246.228.128.61
17,Boniface,Petri,bpetrig@thetimes.co.uk,Male,170.62.29.75
18,Carlye,Dunseith,cdunseithh@myspace.com,Female,196.102.251.148
19,Dwain,Wabe,dwabei@tripod.com,Male,31.14.252.175
20,Avictor,Kinnerley,akinnerleyj@google.pl,Male,82.139.150.26
21,Therine,Begley,tbegleyk@marketwatch.com,Female,0.241.224.203
22,Jacki,Bebis,jbebisl@4shared.com,Female,253.189.190.24
23,Jacqueline,Maxwell,jmaxwellm@google.ca,Female,122.176.182.218
24,Beauregard,Chorlton,bchorltonn@intel.com,Male,245.191.9.128
25,Ferdie,Aberdein,faberdeino@opensource.org,Male,35.132.17.123
26,Shaun,Fawlkes,sfawlkesp@ucsd.edu,Female,238.165.114.57
27,Earvin,Gronauer,egronauerq@aol.com,Male,69.189.172.28
28,Boonie,Hindmoor,bhindmoorr@vimeo.com,Male,183.232.215.77
29,Holly,Potteridge,hpotteridges@tuttocitta.it,Female,183.129.216.18
30,Horatius,Hundley,hhundleyt@alibaba.com,Male,26.108.91.208
31,Dame,Domegan,ddomeganu@usgs.gov,Male,92.237.75.30
32,Reidar,Searl,rsearlv@behance.net,Male,55.239.76.130
33,Wilmar,Oxford,woxfordw@hexun.com,Male,135.17.127.184
34,Amalia,McClaughlin,amcclaughlinx@rediff.com,Female,99.246.169.2
35,Danni,Scattergood,dscattergoody@virginia.edu,Female,12.117.22.47
36,Torr,Weinham,tweinhamz@bandcamp.com,Male,51.226.93.220
37,Willy,Pole,wpole10@businessinsider.com,Male,24.1.164.18
38,Caz,Grishinov,cgrishinov11@meetup.com,Male,35.159.7.157
39,Darcy,Loseby,dloseby12@linkedin.com,Male,187.229.28.166
40,Saba,Peake,speake13@si.edu,Female,186.220.199.140
41,Margit,Foxwell,mfoxwell14@tripadvisor.com,Female,160.101.251.64
42,Harriette,Mussolini,hmussolini15@npr.org,Female,81.79.116.50
43,Cindee,O'Neary,coneary16@wikia.com,Female,66.34.65.8
44,Cozmo,Hainsworth,chainsworth17@amazon.co.jp,Male,183.77.41.123
45,Germain,Skillanders,gskillanders18@berkeley.edu,Male,67.33.196.169
46,Ritchie,Woodroofe,rwoodroofe19@foxnews.com,Male,199.255.55.162
47,Isaac,Pole,ipole1a@youtu.be,Male,182.4.237.16
48,Maryl,Atlay,matlay1b@simplemachines.org,Female,119.54.226.103
49,Tore,Halshaw,thalshaw1c@webmd.com,Male,250.109.66.49
50,Katuscha,McCorkell,kmccorkell1d@hao123.com,Female,144.217.208.77
51,Stephen,Brosoli,sbrosoli1e@psu.edu,Male,120.91.64.137
52,Angelika,Bilbie,abilbie1f@ihg.com,Female,172.5.167.71
53,Valery,McGilmartin,vmcgilmartin1g@slate.com,Female,189.96.35.228
54,Jessey,Ivanishchev,jivanishchev1h@acquirethisname.com,Male,228.54.91.151
55,Erinna,Raylton,eraylton1i@ehow.com,Female,105.155.40.173
56,Jenelle,Klimov,jklimov1j@nytimes.com,Female,154.38.16.167
57,Devonna,Wilkinson,dwilkinson1k@spiegel.de,Female,223.34.241.254
58,Wilie,Cashen,wcashen1l@nih.gov,Female,64.133.180.198
59,Phaidra,Biggadyke,pbiggadyke1m@youtube.com,Female,114.119.236.72
60,Antonino,Tomczynski,atomczynski1n@360.cn,Male,123.217.26.116
61,Caryl,Cullivan,ccullivan1o@t-online.de,Male,83.121.16.27
62,Linc,Dericut,ldericut1p@google.ca,Male,135.112.130.169
63,Murdoch,Sayse,msayse1q@nymag.com,Male,26.123.49.25
64,Jehanna,Philipeaux,jphilipeaux1r@google.nl,Female,171.110.207.192
65,Henrietta,Davis,hdavis1s@va.gov,Female,148.97.22.119
66,Kristan,Bavage,kbavage1t@dropbox.com,Female,84.182.68.209
67,Eadith,O'Collopy,eocollopy1u@homestead.com,Female,136.105.254.112
68,Ives,St Leger,istleger1v@pinterest.com,Male,88.126.239.38
69,Shaun,Mantione,smantione1w@networksolutions.com,Female,199.159.208.137
70,Abagail,Flowerden,aflowerden1x@timesonline.co.uk,Female,116.220.94.184
71,Polly,Nern,pnern1y@omniture.com,Female,204.135.121.88
72,Aylmar,Plumley,aplumley1z@imdb.com,Male,228.227.208.219
73,Mar,Skoggins,mskoggins20@bigcartel.com,Male,117.210.104.10
74,Rufus,Doumerc,rdoumerc21@typepad.com,Male,214.128.95.207
75,Glendon,Rouf,grouf22@ifeng.com,Male,63.174.93.104
76,Gavan,Valett,gvalett23@businesswire.com,Male,167.157.101.216
77,Byran,Papachristophorou,bpapachristophorou24@canalblog.com,Male,177.65.147.248
78,Edmon,Rebeiro,erebeiro25@gov.uk,Male,126.81.110.91
79,Peirce,Whaley,pwhaley26@cdbaby.com,Male,46.77.125.54
80,Bordie,Trathan,btrathan27@psu.edu,Male,248.120.215.114
81,Chrisse,Amis,camis28@wsj.com,Male,124.148.41.154
82,Seward,Callway,scallway29@tiny.cc,Male,55.224.18.74
83,Fern,Godsmark,fgodsmark2a@cbsnews.com,Female,237.3.251.145
84,Gypsy,Burr,gburr2b@merriam-webster.com,Female,83.111.56.186
85,Tiffany,Pilsworth,tpilsworth2c@yellowpages.com,Female,237.221.132.45
86,Delila,Gillease,dgillease2d@xrea.com,Female,87.110.82.87
87,Bunnie,Turfus,bturfus2e@wisc.edu,Female,114.229.17.151
88,Emylee,Prator,eprator2f@slashdot.org,Female,84.35.155.211
89,Bogey,Streets,bstreets2g@wix.com,Male,202.116.227.205
90,Flory,Owttrim,fowttrim2h@dell.com,Female,10.58.183.56
91,Ellis,Antusch,eantusch2i@xrea.com,Male,92.125.167.29
92,Torr,Massard,tmassard2j@google.com.br,Male,223.236.88.252
93,Kissee,Yong,kyong2k@yale.edu,Female,57.126.86.16
94,Daphene,Loalday,dloalday2l@ebay.com,Female,35.79.85.253
95,Roth,McTrustram,rmctrustram2m@sciencedaily.com,Male,243.169.79.154
96,Terri,MacRannell,tmacrannell2n@shinystat.com,Male,164.239.66.134
97,Saundra,Ivanyushkin,sivanyushkin2o@flickr.com,Female,0.133.107.144
98,Crosby,Stubley,cstubley2p@cnet.com,Male,178.135.215.187
99,Agustin,Toffel,atoffel2q@drupal.org,Male,48.175.84.79
100,Milly,Galliford,mgalliford2r@dell.com,Female,194.34.65.108
101,Alasdair,Lapthorne,alapthorne2s@seesaa.net,Male,200.19.18.176
102,Kali,Matyashev,kmatyashev2t@bandcamp.com,Female,99.176.125.84
103,Kacey,Dellatorre,kdellatorre2u@amazon.co.uk,Female,60.37.4.196
104,Morissa,Tolputt,mtolputt2v@simplemachines.org,Female,77.124.27.50
105,Carola,Raccio,craccio2w@admin.ch,Female,17.197.75.166
106,Gilbertina,MacLardie,gmaclardie2x@forbes.com,Female,1.232.59.61
107,Kimmie,McMillan,kmcmillan2y@1688.com,Female,32.35.211.129
108,Bonnee,Penny,bpenny2z@sourceforge.net,Female,18.141.205.138
109,Nixie,Rimes,nrimes30@msn.com,Female,184.158.64.154
110,Ingra,Hasloch,ihasloch31@nps.gov,Male,50.188.18.82
111,Der,Heavyside,dheavyside32@mapy.cz,Male,33.194.39.197
112,Johan,Wennam,jwennam33@columbia.edu,Male,240.125.110.243
113,Dalli,Stollenbeck,dstollenbeck34@nba.com,Male,213.218.110.184
114,Emyle,Christiensen,echristiensen35@sciencedaily.com,Female,162.6.62.162
115,Cynthea,Senecaut,csenecaut36@clickbank.net,Female,105.227.245.72
116,Adolphe,Croux,acroux37@jiathis.com,Male,136.219.226.106
117,Josefa,Clavey,jclavey38@ebay.com,Female,18.165.21.91
118,Rem,Quarry,rquarry39@hexun.com,Male,20.174.180.169
119,Sampson,Bartalini,sbartalini3a@friendfeed.com,Male,191.209.156.251
120,Riane,Treadwell,rtreadwell3b@ebay.com,Female,211.233.32.6
121,Angelique,Gooda,agooda3c@house.gov,Female,219.172.71.198
122,Carce,Inkin,cinkin3d@forbes.com,Male,160.226.221.29
123,Pren,Kurth,pkurth3e@jugem.jp,Male,61.139.172.43
124,Carlene,Gosker,cgosker3f@twitter.com,Female,55.43.96.101
125,Naomi,Varrow,nvarrow3g@stanford.edu,Female,10.135.237.210
126,Lindy,Balasini,lbalasini3h@reuters.com,Female,121.20.186.66
127,Rory,Doyley,rdoyley3i@ehow.com,Male,168.123.64.108
128,Lanette,Wigg,lwigg3j@comsenz.com,Female,241.50.142.104
129,Annmaria,Osmant,aosmant3k@ft.com,Female,151.245.229.163
130,Fae,Lewin,flewin3l@people.com.cn,Female,41.2.211.12
131,Rosaleen,Spere,rspere3m@blogs.com,Female,66.112.237.118
132,Rozalin,Solomonides,rsolomonides3n@mayoclinic.com,Female,193.75.159.111
133,Celle,Hanhart,chanhart3o@domainmarket.com,Female,87.157.186.181
134,Emmanuel,Lundie,elundie3p@yale.edu,Male,97.203.228.134
135,Enrico,Wimp,ewimp3q@npr.org,Male,179.1.238.103
136,Rosaline,Murch,rmurch3r@dot.gov,Female,3.221.48.176
137,Fenelia,Hrinchishin,fhrinchishin3s@abc.net.au,Female,63.249.210.123
138,Tally,McTerlagh,tmcterlagh3t@mlb.com,Female,167.34.221.97
139,Ainslee,Ganing,aganing3u@scribd.com,Female,8.236.208.114
140,Arlene,Gofton,agofton3v@discovery.com,Female,173.19.104.15
141,Brent,Casson,bcasson3w@bing.com,Male,100.139.211.46
142,Sherwynd,Rosendale,srosendale3x@weebly.com,Male,78.98.242.118
143,Virgie,Sillett,vsillett3y@illinois.edu,Male,107.24.200.133
144,Dru,Dobrowlski,ddobrowlski3z@opensource.org,Female,116.218.134.212
145,Mord,Kinnear,mkinnear40@shinystat.com,Male,106.82.23.132
146,Elmer,Szymanowski,eszymanowski41@furl.net,Male,39.33.188.121
147,Ludwig,Locarno,llocarno42@purevolume.com,Male,177.216.144.71
148,Clarie,Dicty,cdicty43@infoseek.co.jp,Female,227.247.58.204
149,Veronika,Bucknell,vbucknell44@behance.net,Female,189.123.142.94
150,Herta,Kingsford,hkingsford45@istockphoto.com,Female,118.114.61.222
151,Grady,Bartczak,gbartczak46@bandcamp.com,Male,156.6.141.13
152,Stephenie,Jeff,sjeff47@google.es,Female,237.229.44.219
153,Ellynn,Roll,eroll48@ezinearticles.com,Female,15.10.22.241
154,Prinz,Schlagtmans,pschlagtmans49@dedecms.com,Male,168.205.191.199
155,Darrick,Ivanchikov,divanchikov4a@blinklist.com,Male,25.214.44.86
156,Gun,McMurrugh,gmcmurrugh4b@illinois.edu,Male,228.136.169.170
157,Gale,Bonder,gbonder4c@icq.com,Female,101.144.202.85
158,Darby,Merrigan,dmerrigan4d@ameblo.jp,Male,73.121.95.57
159,Margaux,Hallums,mhallums4e@hibu.com,Female,68.249.160.98
160,Joshua,Bartosch,jbartosch4f@mozilla.org,Male,18.238.194.220
161,Jerrome,Hurle,jhurle4g@w3.org,Male,211.251.177.138
162,Howard,Marden,hmarden4h@stanford.edu,Male,125.183.144.42
163,Riobard,Wemm,rwemm4i@drupal.org,Male,140.196.43.136
164,Hiram,Sally,hsally4j@ow.ly,Male,151.31.52.165
165,Hadleigh,Ilyinykh,hilyinykh4k@webeden.co.uk,Male,104.230.199.200
166,Cord,Cisar,ccisar4l@pbs.org,Male,214.121.40.177
167,Kare,Behling,kbehling4m@quantcast.com,Female,198.236.179.1
168,Weidar,Salisbury,wsalisbury4n@squarespace.com,Male,87.226.69.194
169,Sharla,Ropartz,sropartz4o@columbia.edu,Female,243.139.202.246
170,Erena,Gaucher,egaucher4p@time.com,Female,249.245.226.31
171,Maureen,Kraut,mkraut4q@is.gd,Female,246.206.190.116
172,Sam,Dabling,sdabling4r@ask.com,Female,23.230.19.156
173,Leonardo,Crosland,lcrosland4s@aol.com,Male,16.81.172.143
174,Valma,Farnworth,vfarnworth4t@mapy.cz,Female,140.27.32.37
175,Finley,Paske,fpaske4u@cbslocal.com,Male,218.220.138.111
176,Christin,Nosworthy,cnosworthy4v@vkontakte.ru,Female,177.183.7.93
177,Win,Drakes,wdrakes4w@patch.com,Male,39.142.76.251
178,Ode,Weedall,oweedall4x@msn.com,Male,17.243.239.15
179,Barry,O'Canavan,bocanavan4y@gmpg.org,Male,169.246.237.173
180,Gabby,Singleton,gsingleton4z@theglobeandmail.com,Male,232.103.148.178
181,Marja,Iltchev,miltchev50@mit.edu,Female,205.5.126.91
182,Granny,Aldwick,galdwick51@wsj.com,Male,115.236.211.204
183,Constantine,Pourvoieur,cpourvoieur52@hibu.com,Male,214.56.239.230
184,Cathrin,Dennington,cdennington53@accuweather.com,Female,183.200.167.255
185,Rycca,Littleton,rlittleton54@cbsnews.com,Female,73.210.120.74
186,Waldo,Balham,wbalham55@sohu.com,Male,55.207.207.51
187,Chauncey,Saphin,csaphin56@privacy.gov.au,Male,120.225.5.202
188,Cash,Whetland,cwhetland57@typepad.com,Male,109.39.158.241
189,Kinsley,Shankland,kshankland58@woothemes.com,Male,189.184.18.34
190,Gaylor,Gatteridge,ggatteridge59@yahoo.com,Male,186.157.164.57
191,Lark,Choak,lchoak5a@networkadvertising.org,Female,142.88.171.9
192,Katinka,Desseine,kdesseine5b@theatlantic.com,Female,143.101.207.206
193,Jeffie,Eustace,jeustace5c@utexas.edu,Male,204.8.105.7
194,Sylvan,Clutterbuck,sclutterbuck5d@yale.edu,Male,30.102.252.13
195,Cymbre,Daybell,cdaybell5e@hugedomains.com,Female,230.198.183.164
196,Ranee,De Francesco,rdefrancesco5f@theatlantic.com,Female,188.138.198.200
197,Ted,Hinrich,thinrich5g@cnbc.com,Male,144.244.37.242
198,Simonne,Bielby,sbielby5h@imageshack.us,Female,228.53.115.159
199,Lenora,Durrett,ldurrett5i@samsung.com,Female,83.79.98.229
200,Nevsa,Partleton,npartleton5j@hc360.com,Female,100.33.53.16
201,Pascal,Rabley,prabley5k@addtoany.com,Male,182.172.213.124
202,Serene,Ewenson,sewenson5l@cocolog-nifty.com,Female,65.136.242.177
203,Andreana,Donnersberg,adonnersberg5m@google.pl,Female,61.130.93.211
204,Paddie,Puleston,ppuleston5n@shop-pro.jp,Male,33.177.186.133
205,Mortie,Fendlen,mfendlen5o@ameblo.jp,Male,212.46.197.212
206,Grant,Riba,griba5p@blogspot.com,Male,84.218.51.117
207,Pete,Trevillion,ptrevillion5q@cnbc.com,Male,10.68.215.194
208,Lanny,Petrasek,lpetrasek5r@whitehouse.gov,Male,136.137.11.50
209,Shoshanna,Berg,sberg5s@usda.gov,Female,248.138.205.218
210,Roze,Fenech,rfenech5t@t.co,Female,227.41.85.83
211,Lilia,Dykas,ldykas5u@vistaprint.com,Female,133.1.77.254
212,Ilysa,Cowterd,icowterd5v@clickbank.net,Female,85.107.85.254
213,Ryan,Candlin,rcandlin5w@nifty.com,Male,61.66.154.160
214,Vinny,Danielsky,vdanielsky5x@dot.gov,Female,90.73.235.23
215,Dianne,Stodd,dstodd5y@naver.com,Female,4.126.248.14
216,Dorothee,Bumby,dbumby5z@last.fm,Female,156.24.206.224
217,Jone,Garforth,jgarforth60@pen.io,Male,122.250.150.174
218,Joann,Tenney,jtenney61@epa.gov,Female,151.16.37.99
219,Alphonse,Spinney,aspinney62@comcast.net,Male,73.56.90.99
220,Darsie,Decent,ddecent63@earthlink.net,Female,133.211.171.166
221,Kelvin,Moggach,kmoggach64@acquirethisname.com,Male,117.209.248.30
222,Zondra,Dreghorn,zdreghorn65@lycos.com,Female,159.223.238.210
223,Winne,Pockett,wpockett66@csmonitor.com,Female,53.189.102.226
224,Herc,Itzkin,hitzkin67@delicious.com,Male,7.64.85.120
225,Catherina,Robben,crobben68@vistaprint.com,Female,105.70.28.179
226,Thaine,Janovsky,tjanovsky69@unc.edu,Male,126.102.124.240
227,Jayne,Voss,jvoss6a@ifeng.com,Female,168.85.240.156
228,Quinn,Lightewood,qlightewood6b@psu.edu,Female,231.24.236.184
229,Archy,Ambroz,aambroz6c@fotki.com,Male,226.80.32.217
230,Bailey,Courtonne,bcourtonne6d@google.cn,Male,180.197.238.253
231,Fianna,Mercik,fmercik6e@unc.edu,Female,22.84.190.81
232,Petronille,Mein,pmein6f@sbwire.com,Female,53.182.23.153
233,Alvy,Delmage,adelmage6g@pagesperso-orange.fr,Male,82.193.210.69
234,Ettie,Coley,ecoley6h@geocities.com,Female,167.5.90.13
235,Elfie,Gouldthorpe,egouldthorpe6i@symantec.com,Female,120.13.182.126
236,Tarrance,Butland,tbutland6j@cbsnews.com,Male,182.190.120.185
237,Langsdon,Daily,ldaily6k@cornell.edu,Male,51.213.71.86
238,Klaus,Spedding,kspedding6l@slate.com,Male,207.82.146.176
239,Adrien,Thorburn,athorburn6m@hao123.com,Male,254.191.119.107
240,Moise,Nano,mnano6n@java.com,Male,36.233.19.65
241,Tanner,Le Grand,tlegrand6o@about.me,Male,185.2.181.48
242,Shirley,German,sgerman6p@boston.com,Female,62.88.116.2
243,Melisent,Blackston,mblackston6q@constantcontact.com,Female,180.56.246.65
244,Zea,Suttle,zsuttle6r@discovery.com,Female,78.63.73.168
245,Abe,Sailor,asailor6s@ucla.edu,Male,206.80.113.206
246,Julieta,Bale,jbale6t@gizmodo.com,Female,223.161.251.20
247,Kiri,Kytter,kkytter6u@wp.com,Female,82.61.97.16
248,Chip,Pinney,cpinney6v@shareasale.com,Male,217.87.27.105
249,Delmar,Jakoub,djakoub6w@patch.com,Male,187.49.213.239
250,Lizzy,Rozier,lrozier6x@salon.com,Female,187.103.128.62
251,Vernen,Marchand,vmarchand6y@salon.com,Male,26.104.209.82
252,Marleah,Howroyd,mhowroyd6z@jalbum.net,Female,212.167.143.237
253,Mitchell,Robinette,mrobinette70@cmu.edu,Male,186.233.116.100
254,Cleavland,Elcott,celcott71@home.pl,Male,172.101.126.15
255,Standford,Postlethwaite,spostlethwaite72@vinaora.com,Male,16.108.142.21
256,Gabby,Hexham,ghexham73@wiley.com,Male,115.118.85.155
257,Aubrey,Saylor,asaylor74@cdc.gov,Male,182.168.183.9
258,Lalo,Hayzer,lhayzer75@baidu.com,Male,45.25.21.215
259,Morganica,Bethune,mbethune76@google.cn,Female,68.55.18.207
260,Mortie,Suttell,msuttell77@meetup.com,Male,80.165.233.116
261,Brooke,Arunowicz,barunowicz78@nba.com,Male,8.233.255.202
262,Gabbi,Durtnell,gdurtnell79@ask.com,Female,112.206.123.72
263,Erie,Dwerryhouse,edwerryhouse7a@dyndns.org,Male,39.0.181.108
264,Kynthia,Mundwell,kmundwell7b@earthlink.net,Female,180.47.223.19
265,Dennison,Huckerbe,dhuckerbe7c@elpais.com,Male,176.190.114.184
266,Adriena,Schreiner,aschreiner7d@webnode.com,Female,70.202.7.145
267,Gerek,Gother,ggother7e@exblog.jp,Male,170.60.147.5
268,Tanner,Clerk,tclerk7f@homestead.com,Male,208.148.57.89
269,Flora,Catlow,fcatlow7g@hatena.ne.jp,Female,39.102.19.62
270,Mick,Zukierman,mzukierman7h@icio.us,Male,128.248.171.47
271,Sheffield,MacDunleavy,smacdunleavy7i@phpbb.com,Male,141.79.118.36
272,Bobine,McIlvenny,bmcilvenny7j@diigo.com,Female,69.77.31.21
273,Caryl,Duhig,cduhig7k@senate.gov,Male,240.37.165.132
274,Henrik,Letteresse,hletteresse7l@washington.edu,Male,234.225.251.77
275,Randie,Ivanchenkov,rivanchenkov7m@google.nl,Female,199.190.230.18
276,Juli,Hassin,jhassin7n@sciencedirect.com,Female,119.194.116.193
277,Felix,Cuxson,fcuxson7o@dailymotion.com,Male,120.45.8.83
278,Dorotea,Habbema,dhabbema7p@w3.org,Female,236.242.159.28
279,Madelaine,Dunphy,mdunphy7q@redcross.org,Female,61.191.80.41
280,Vivianna,Kleinmann,vkleinmann7r@smh.com.au,Female,96.4.29.230
281,Raviv,Engel,rengel7s@admin.ch,Male,177.108.145.83
282,Brigida,Yallowley,byallowley7t@google.de,Female,24.143.245.150
283,Anitra,Le Provest,aleprovest7u@yale.edu,Female,105.164.156.2
284,Rouvin,Dalby,rdalby7v@abc.net.au,Male,41.17.37.255
285,Addy,Birchenhead,abirchenhead7w@mashable.com,Male,225.139.61.211
286,Christiana,Fancutt,cfancutt7x@joomla.org,Female,76.192.18.249
287,Edith,Mayzes,emayzes7y@admin.ch,Female,162.158.185.64
288,Antonie,Garret,agarret7z@live.com,Female,213.161.98.232
289,Edmon,Braddon,ebraddon80@canalblog.com,Male,127.75.110.240
290,Ailbert,Velti,avelti81@smh.com.au,Male,234.74.173.83
291,Hally,Sopper,hsopper82@elpais.com,Female,188.43.118.14
292,Hugo,Ferrario,hferrario83@washington.edu,Male,191.183.178.193
293,Zandra,Ledson,zledson84@ftc.gov,Female,209.41.206.121
294,Maximilian,Degg,mdegg85@lulu.com,Male,233.178.183.52
295,Dorey,Kilpin,dkilpin86@fotki.com,Male,149.253.230.254
296,Phillie,Fishe,pfishe87@histats.com,Female,152.69.211.16
297,Sara-ann,Vaux,svaux88@businessweek.com,Female,245.18.243.57
298,Titus,Pude,tpude89@simplemachines.org,Male,156.142.105.159
299,Lovell,Baildon,lbaildon8a@scientificamerican.com,Male,161.236.217.14
300,Heinrick,Woodstock,hwoodstock8b@google.nl,Male,227.254.0.24
301,Curcio,Alesbrook,calesbrook8c@t.co,Male,246.46.239.55
302,Saundra,Evison,sevison8d@wikispaces.com,Male,16.171.124.245
303,Tally,Hodges,thodges8e@cbslocal.com,Female,178.191.239.231
304,Christa,Theuff,ctheuff8f@newyorker.com,Female,5.188.244.138
305,Brody,Wilkinson,bwilkinson8g@forbes.com,Male,102.27.232.208
306,Audra,Sperrett,asperrett8h@github.com,Female,8.22.115.74
307,Sidnee,Chilvers,schilvers8i@topsy.com,Male,20.148.172.174
308,Garry,Breagan,gbreagan8j@boston.com,Male,99.194.190.233
309,Linea,Iredell,liredell8k@rediff.com,Female,224.45.248.68
310,Marlee,Medeway,mmedeway8l@hugedomains.com,Female,93.152.167.124
311,Adelbert,Lillistone,alillistone8m@arstechnica.com,Male,250.222.13.153
312,Ganny,Linny,glinny8n@fc2.com,Male,127.226.126.114
313,Tiffanie,Sahlstrom,tsahlstrom8o@wordpress.org,Female,39.116.101.103
314,Tucky,Billyard,tbillyard8p@netvibes.com,Male,28.6.92.191
315,Zorine,Kadar,zkadar8q@360.cn,Female,184.155.3.213
316,Addia,Tollow,atollow8r@soundcloud.com,Female,161.55.96.13
317,Davin,Meco,dmeco8s@dyndns.org,Male,222.132.20.97
318,Bibby,Cutill,bcutill8t@nbcnews.com,Female,215.52.0.240
319,Forster,Scales,fscales8u@mlb.com,Male,236.46.182.7
320,Constantine,Gurden,cgurden8v@studiopress.com,Female,123.99.12.229
321,Melinde,Velasquez,mvelasquez8w@prnewswire.com,Female,97.4.247.193
322,Morganne,Beachamp,mbeachamp8x@usda.gov,Female,151.203.131.214
323,Bartram,Garford,bgarford8y@vistaprint.com,Male,33.38.133.246
324,Jeane,Blaschek,jblaschek8z@naver.com,Female,177.250.150.75
325,Tine,Bertram,tbertram90@uiuc.edu,Female,67.64.86.207
326,Mirabelle,Diviney,mdiviney91@reddit.com,Female,51.221.68.234
327,Bessy,Leakner,bleakner92@wiley.com,Female,186.14.79.72
328,Dela,Castleman,dcastleman93@google.co.jp,Female,200.250.136.5
329,Trenna,Vicary,tvicary94@cornell.edu,Female,100.165.146.187
330,Kirstyn,Buttrum,kbuttrum95@amazon.co.jp,Female,128.175.140.32
331,Sena,Newbigging,snewbigging96@opensource.org,Female,243.191.88.34
332,Cindi,Buckles,cbuckles97@slashdot.org,Female,140.122.132.239
333,Tarra,Parkins,tparkins98@mapy.cz,Female,164.171.61.153
334,Flemming,Flaxon,fflaxon99@bbb.org,Male,135.45.160.32
335,Peg,Bayly,pbayly9a@slate.com,Female,154.98.137.177
336,Berti,Greetland,bgreetland9b@utexas.edu,Male,83.138.130.177
337,Gregorio,Kleanthous,gkleanthous9c@qq.com,Male,194.18.144.109
338,Chauncey,Semeniuk,csemeniuk9d@xrea.com,Male,198.255.219.73
339,Fielding,Hunn,fhunn9e@mozilla.org,Male,226.67.43.141
340,Nahum,Strevens,nstrevens9f@yolasite.com,Male,201.149.66.53
341,Darlleen,Southwell,dsouthwell9g@live.com,Female,51.190.69.224
342,Britni,Tidd,btidd9h@statcounter.com,Female,236.98.133.155
343,Sunny,Elijah,selijah9i@desdev.cn,Male,27.152.154.245
344,Osbourne,Noton,onoton9j@ezinearticles.com,Male,31.96.100.153
345,Audrye,Dyshart,adyshart9k@senate.gov,Female,179.196.63.99
346,Garvey,Grayshan,ggrayshan9l@1und1.de,Male,158.88.40.97
347,Ettore,Sedgemore,esedgemore9m@deviantart.com,Male,81.159.46.191
348,Nevile,Godwyn,ngodwyn9n@freewebs.com,Male,234.190.235.56
349,Son,Rymmer,srymmer9o@mysql.com,Male,233.101.80.71
350,Saba,Duhig,sduhig9p@g.co,Female,146.17.189.179
351,Barris,Lockyer,blockyer9q@tuttocitta.it,Male,88.128.210.27
352,Bancroft,Smeall,bsmeall9r@canalblog.com,Male,138.54.243.195
353,Aubrette,Norkutt,anorkutt9s@mediafire.com,Female,207.4.254.101
354,Ferdinanda,Jakubowsky,fjakubowsky9t@jalbum.net,Female,17.8.120.22
355,Raynell,Jobin,rjobin9u@topsy.com,Female,186.103.96.16
356,Noami,Jenteau,njenteau9v@odnoklassniki.ru,Female,122.78.109.173
357,Cobby,Cheesman,ccheesman9w@princeton.edu,Male,27.163.47.71
358,Norene,Stittle,nstittle9x@is.gd,Female,93.190.72.166
359,Marcie,Saylor,msaylor9y@parallels.com,Female,51.114.129.125
360,Simone,Diggens,sdiggens9z@slashdot.org,Female,62.28.36.200
361,Linnell,Binge,lbingea0@archive.org,Female,173.247.34.12
362,Lezlie,Pawlata,lpawlataa1@is.gd,Female,225.188.227.85
363,Gretel,Keeri,gkeeria2@tamu.edu,Female,67.93.73.113
364,Richardo,Yeudall,ryeudalla3@shop-pro.jp,Male,175.97.144.89
365,Lissy,Ralling,lrallinga4@surveymonkey.com,Female,20.48.23.109
366,Miller,Wildsmith,mwildsmitha5@opensource.org,Male,97.29.114.17
367,Timi,Argo,targoa6@google.com.au,Female,148.29.102.148
368,Jeffry,Melanaphy,jmelanaphya7@ibm.com,Male,242.111.160.195
369,Danni,Belfit,dbelfita8@theguardian.com,Female,242.35.137.96
370,Jess,Kenyon,jkenyona9@reuters.com,Female,172.142.170.177
371,Blondy,Garlett,bgarlettaa@ibm.com,Female,245.128.157.248
372,Orren,Burless,oburlessab@who.int,Male,172.2.204.185
373,Herbert,Farmer,hfarmerac@si.edu,Male,67.17.12.69
374,Matthieu,Stoite,mstoitead@vkontakte.ru,Male,39.138.251.97
375,Clyve,Halfhead,chalfheadae@list-manage.com,Male,227.58.238.112
376,Anson,Martello,amartelloaf@yellowbook.com,Male,178.34.169.225
377,Jacquelyn,Macenzy,jmacenzyag@sourceforge.net,Female,249.24.154.231
378,Janeen,Apperley,japperleyah@clickbank.net,Female,69.245.105.33
379,Puff,McArthur,pmcarthurai@wired.com,Male,131.128.140.227
380,Shaun,Polini,spoliniaj@google.com.br,Male,121.245.160.240
381,Bord,Samter,bsamterak@networkadvertising.org,Male,239.186.81.44
382,Katey,Dabrowski,kdabrowskial@mapquest.com,Female,159.45.73.28
383,Puff,Elfleet,pelfleetam@washington.edu,Male,114.78.7.193
384,Nara,Pinnick,npinnickan@alexa.com,Female,238.130.50.138
385,Nara,Stood,nstoodao@addthis.com,Female,59.218.157.242
386,Miner,Esmond,mesmondap@eventbrite.com,Male,176.103.178.119
387,Ellary,Syrie,esyrieaq@wikia.com,Male,24.177.227.177
388,Raff,Toffolo,rtoffoloar@berkeley.edu,Male,78.41.153.191
389,Odette,Davitashvili,odavitashvilias@google.fr,Female,22.28.127.34
390,Gale,Edison,gedisonat@prnewswire.com,Female,68.206.222.67
391,Joby,Jouhandeau,jjouhandeauau@nyu.edu,Female,200.148.223.21
392,Shaina,Luetchford,sluetchfordav@creativecommons.org,Female,50.215.197.254
393,Lotta,Epinoy,lepinoyaw@prnewswire.com,Female,146.221.144.178
394,Erminie,Glencros,eglencrosax@instagram.com,Female,147.248.164.40
395,Reg,Cullity,rcullityay@unicef.org,Male,184.90.201.229
396,Sheffy,Geldart,sgeldartaz@desdev.cn,Male,238.47.1.112
397,Hillier,Ashard,hashardb0@hp.com,Male,72.31.202.231
398,Leroy,Giraldon,lgiraldonb1@lulu.com,Male,2.217.167.64
399,Jeffie,Ciccone,jcicconeb2@ocn.ne.jp,Male,224.254.194.161
400,Iago,Chicco,ichiccob3@vistaprint.com,Male,79.40.182.87
401,Andriette,McClunaghan,amcclunaghanb4@fastcompany.com,Female,210.20.162.107
402,Zolly,Werner,zwernerb5@si.edu,Male,173.55.230.120
403,Lothario,Coase,lcoaseb6@telegraph.co.uk,Male,164.50.236.20
404,Em,Beste,ebesteb7@last.fm,Female,67.221.105.233
405,Jarred,Ableson,jablesonb8@princeton.edu,Male,180.150.176.80
406,Tibold,Lally,tlallyb9@artisteer.com,Male,137.87.33.132
407,Aleece,Klosges,aklosgesba@360.cn,Female,61.187.115.204
408,Hernando,Pavlovic,hpavlovicbb@biglobe.ne.jp,Male,0.77.174.236
409,Wilton,Rustadge,wrustadgebc@usda.gov,Male,23.70.65.159
410,Humfrid,Garm,hgarmbd@columbia.edu,Male,221.27.247.250
411,Isaac,Tribble,itribblebe@tumblr.com,Male,17.94.142.98
412,Lars,Allington,lallingtonbf@gov.uk,Male,39.238.77.246
413,Lanae,Donke,ldonkebg@nydailynews.com,Female,247.44.255.210
414,August,Tumbelty,atumbeltybh@ox.ac.uk,Male,107.248.102.221
415,Rand,Antecki,ranteckibi@cloudflare.com,Male,177.108.36.122
416,Etti,Climer,eclimerbj@istockphoto.com,Female,185.17.150.128
417,Arlen,Cotelard,acotelardbk@zimbio.com,Male,108.13.40.127
418,Joycelin,Caudwell,jcaudwellbl@unesco.org,Female,27.97.195.120
419,Licha,Coronado,lcoronadobm@indiegogo.com,Female,12.252.225.209
420,Aldis,St. Hill,asthillbn@ibm.com,Male,116.225.23.252
421,Web,Kulvear,wkulvearbo@pcworld.com,Male,11.72.205.146
422,Odessa,M'Quharge,omquhargebp@sina.com.cn,Female,13.122.110.77
423,Devin,Stood,dstoodbq@apache.org,Male,153.128.98.61
424,Godfrey,Langton,glangtonbr@zimbio.com,Male,207.204.49.103
425,Tobias,Walne,twalnebs@shinystat.com,Male,68.27.85.216
426,Bartlet,Kiraly,bkiralybt@dedecms.com,Male,95.206.209.55
427,Ariella,Wasbey,awasbeybu@miibeian.gov.cn,Female,155.86.44.213
428,Laraine,Ruffell,lruffellbv@amazon.co.uk,Female,236.117.209.83
429,Michaeline,Halbord,mhalbordbw@edublogs.org,Female,137.242.86.100
430,Karoly,Tibb,ktibbbx@vk.com,Male,194.56.142.247
431,Denny,Langtry,dlangtryby@phpbb.com,Male,98.100.44.88
432,Dallas,McFaell,dmcfaellbz@mozilla.org,Male,224.92.39.44
433,Anabelle,Tschiersch,atschierschc0@psu.edu,Female,196.143.147.81
434,Bronson,Tew,btewc1@oracle.com,Male,41.13.251.65
435,Danella,Dawks,ddawksc2@google.fr,Female,174.117.138.173
436,Irvine,Mochan,imochanc3@stanford.edu,Male,166.143.48.188
437,Berkly,Miller,bmillerc4@house.gov,Male,21.216.182.65
438,Doroteya,Kloser,dkloserc5@wikispaces.com,Female,21.188.42.162
439,Elsie,Pashan,epashanc6@lycos.com,Female,130.31.46.57
440,Joela,Gowland,jgowlandc7@istockphoto.com,Female,99.160.253.164
441,Erny,Matterface,ematterfacec8@artisteer.com,Male,175.91.39.141
442,Keeley,Gomm,kgommc9@deliciousdays.com,Female,56.206.171.186
443,Gayel,Rattenberie,grattenberieca@marketwatch.com,Female,107.36.65.86
444,Carson,Brownsey,cbrownseycb@dot.gov,Male,159.176.225.71
445,Esdras,Abbotts,eabbottscc@godaddy.com,Male,116.243.248.186
446,Ibrahim,D'Agostino,idagostinocd@t.co,Male,241.240.94.128
447,Washington,Wilder,wwilderce@goo.gl,Male,74.234.164.133
448,Hamlin,Gransden,hgransdencf@drupal.org,Male,255.45.1.209
449,Rabbi,Molyneux,rmolyneuxcg@cisco.com,Male,87.56.246.28
450,Gris,Carty,gcartych@tiny.cc,Male,87.19.147.63
451,Sharia,O'Cleary,soclearyci@huffingtonpost.com,Female,105.204.139.106
452,Tome,Harse,tharsecj@issuu.com,Male,248.233.159.213
453,Jyoti,Fashion,jfashionck@51.la,Female,96.141.184.130
454,Natalina,Dibbs,ndibbscl@dailymail.co.uk,Female,15.182.173.23
455,Myrah,Ivers,miverscm@multiply.com,Female,216.80.115.123
456,Seline,Gomm,sgommcn@wiley.com,Female,212.52.219.233
457,Morna,Geffen,mgeffenco@youtube.com,Female,151.33.83.40
458,Norah,Mertgen,nmertgencp@dagondesign.com,Female,101.45.33.170
459,Tito,Davenell,tdavenellcq@nymag.com,Male,38.50.10.193
460,Euphemia,Waldron,ewaldroncr@nyu.edu,Female,61.174.105.3
461,Darius,Nary,dnarycs@sciencedaily.com,Male,43.139.89.108
462,Sheffy,Halfacre,shalfacrect@wikispaces.com,Male,160.252.141.190
463,Dian,Edger,dedgercu@ameblo.jp,Female,116.150.124.156
464,Goldie,Bollis,gbolliscv@cyberchimps.com,Female,28.249.107.224
465,Aviva,Macewan,amacewancw@themeforest.net,Female,255.103.160.199
466,Stefan,Schwandner,sschwandnercx@princeton.edu,Male,226.166.80.242
467,Riley,Craister,rcraistercy@cdc.gov,Male,199.15.132.10
468,Bil,Autie,bautiecz@nationalgeographic.com,Male,130.187.71.80
469,Griffy,Shelmardine,gshelmardined0@toplist.cz,Male,121.3.115.187
470,Rockey,Goldsby,rgoldsbyd1@macromedia.com,Male,192.58.187.214
471,Penny,Berney,pberneyd2@eventbrite.com,Female,141.157.77.12
472,Maryanna,McIlheran,mmcilherand3@google.ca,Female,165.126.69.219
473,Cordy,Dalliwater,cdalliwaterd4@slideshare.net,Female,186.69.156.249
474,Skippie,Lampen,slampend5@ovh.net,Male,116.61.6.200
475,Shep,Tichner,stichnerd6@google.com.au,Male,201.212.247.152
476,Lynde,Varnham,lvarnhamd7@dailymotion.com,Female,150.96.58.46
477,Bren,Hull,bhulld8@google.cn,Male,116.114.174.159
478,Gustavus,Fleet,gfleetd9@shareasale.com,Male,11.62.121.13
479,Sela,Kaasmann,skaasmannda@123-reg.co.uk,Female,191.69.121.174
480,Rochelle,Deverille,rdeverilledb@deviantart.com,Female,187.255.184.230
481,Guthry,Busain,gbusaindc@patch.com,Male,2.110.178.87
482,Basil,Yearron,byearrondd@vinaora.com,Male,146.78.74.243
483,Kenon,Martschik,kmartschikde@rakuten.co.jp,Male,39.20.47.8
484,Gratia,Mechan,gmechandf@yale.edu,Female,113.20.164.109
485,Deva,Rangell,drangelldg@answers.com,Female,79.27.245.116
486,Pat,Pell,ppelldh@cyberchimps.com,Female,79.126.10.157
487,Dixie,Tison,dtisondi@china.com.cn,Female,41.124.118.211
488,Gabrielle,De Gregoli,gdegregolidj@prnewswire.com,Female,191.143.171.140
489,Rosene,Simper,rsimperdk@google.it,Female,19.43.143.12
490,Augustine,Longstaffe,alongstaffedl@xrea.com,Female,132.204.59.227
491,Rosalynd,Mallion,rmalliondm@redcross.org,Female,184.213.99.225
492,Casey,Ballinghall,cballinghalldn@about.me,Female,101.151.98.241
493,Raimund,Ovens,rovensdo@springer.com,Male,36.35.96.137
494,Merry,Manueau,mmanueaudp@storify.com,Female,144.163.158.110
495,Cordelia,Attkins,cattkinsdq@desdev.cn,Female,13.72.206.81
496,Berkie,Handley,bhandleydr@mapy.cz,Male,205.148.64.113
497,Noah,Kyd,nkydds@wikimedia.org,Male,22.70.172.60
498,Massimiliano,Pelham,mpelhamdt@berkeley.edu,Male,50.226.217.175
499,Jere,Filimore,jfilimoredu@about.com,Female,137.94.184.202
500,Beilul,Hext,bhextdv@latimes.com,Female,165.81.251.169
501,Demetra,Trematick,dtrematickdw@wunderground.com,Female,186.114.17.48
502,Davida,Ciccotto,dciccottodx@storify.com,Female,209.180.144.27
503,Jonathan,Hehnke,jhehnkedy@princeton.edu,Male,82.41.70.210
504,Marita,Goodchild,mgoodchilddz@slashdot.org,Female,61.4.147.111
505,Dot,Rubenchik,drubenchike0@google.co.jp,Female,115.0.128.99
506,Karola,Hultberg,khultberge1@wisc.edu,Female,174.204.249.17
507,Lombard,Aluard,laluarde2@independent.co.uk,Male,193.76.233.74
508,Caresse,Blackford,cblackforde3@admin.ch,Female,213.11.165.192
509,Laryssa,Maingot,lmaingote4@columbia.edu,Female,144.119.113.139
510,Pier,Flicker,pflickere5@salon.com,Female,26.123.28.154
511,Renell,Escoffier,rescoffiere6@ustream.tv,Female,131.113.79.175
512,Cassaundra,Thredder,cthreddere7@shareasale.com,Female,139.107.10.67
513,Lorenzo,Anstiss,lanstisse8@bloglines.com,Male,53.189.39.65
514,Bettine,Muress,bmuresse9@hud.gov,Female,8.78.148.25
515,Paten,Haggus,phaggusea@51.la,Male,159.243.196.254
516,Nappy,Cossor,ncossoreb@mail.ru,Male,171.85.102.228
517,Harland,Wharram,hwharramec@ucla.edu,Male,150.203.199.130
518,Bathsheba,Bridgement,bbridgemented@aboutads.info,Female,22.160.234.194
519,Paddy,Brilon,pbrilonee@telegraph.co.uk,Male,132.81.130.173
520,Jordon,Pedracci,jpedraccief@jalbum.net,Male,95.78.207.191
521,Gav,Vitet,gviteteg@ocn.ne.jp,Male,136.138.202.45
522,Sascha,Matashkin,smatashkineh@flickr.com,Male,64.179.50.86
523,Seana,Harpin,sharpinei@networksolutions.com,Female,25.248.80.236
524,Vitia,Quiddington,vquiddingtonej@mit.edu,Female,125.239.48.8
525,Dana,Macci,dmacciek@exblog.jp,Female,29.158.252.187
526,Nolan,Yurenev,nyurenevel@1688.com,Male,107.64.96.252
527,Samuele,MacFadyen,smacfadyenem@cbslocal.com,Male,9.47.40.231
528,Ellynn,Willshear,ewillshearen@vk.com,Female,101.29.100.225
529,Rob,Youster,ryoustereo@time.com,Male,92.32.37.51
530,Ann-marie,Yatman,ayatmanep@irs.gov,Female,145.252.81.49
531,Konstantine,Chadburn,kchadburneq@cbslocal.com,Male,59.221.104.252
532,Dede,Gange,dgangeer@flavors.me,Female,158.109.78.152
533,Harland,Sirrell,hsirrelles@bandcamp.com,Male,150.100.54.181
534,Verne,Menzies,vmenzieset@free.fr,Male,25.8.87.246
535,Rorie,Charpin,rcharpineu@archive.org,Female,92.88.70.100
536,Emiline,Capelen,ecapelenev@themeforest.net,Female,85.138.117.77
537,Pepita,Woolaston,pwoolastonew@cpanel.net,Female,45.95.166.134
538,Cornelius,Gebhardt,cgebhardtex@wix.com,Male,125.36.90.146
539,Austin,Minor,aminorey@freewebs.com,Male,66.237.238.233
540,Leonardo,Rentoll,lrentollez@ow.ly,Male,142.179.76.27
541,Kitty,Tripean,ktripeanf0@army.mil,Female,65.108.237.124
542,Patsy,Bethune,pbethunef1@mapy.cz,Female,199.60.166.203
543,Keelia,Attreed,kattreedf2@epa.gov,Female,96.202.221.203
544,Bendick,Feronet,bferonetf3@usa.gov,Male,216.156.98.165
545,Rodrick,Kraft,rkraftf4@cdc.gov,Male,200.180.85.76
546,Yolane,Ogden,yogdenf5@cornell.edu,Female,25.160.152.40
547,Amelie,Melville,amelvillef6@ycombinator.com,Female,147.203.180.26
548,Kerrill,Sinnatt,ksinnattf7@themeforest.net,Female,176.195.243.26
549,Kelley,Hallwell,khallwellf8@google.com.br,Male,221.149.154.70
550,Kally,Stoggles,kstogglesf9@fc2.com,Female,155.39.16.116
551,Halette,Phoenix,hphoenixfa@eventbrite.com,Female,63.250.17.136
552,Orlando,Cream,ocreamfb@usda.gov,Male,198.241.104.146
553,Nils,Bensley,nbensleyfc@usda.gov,Male,189.96.239.207
554,Noam,Drohan,ndrohanfd@discovery.com,Male,206.206.31.236
555,Mellicent,Dubble,mdubblefe@nifty.com,Female,252.218.7.64
556,Melodee,Glide,mglideff@ebay.com,Female,123.53.57.57
557,Amalle,Watford,awatfordfg@omniture.com,Female,120.110.77.100
558,Hadrian,Bello,hbellofh@360.cn,Male,88.59.164.250
559,Ginevra,Derry,gderryfi@edublogs.org,Female,220.65.81.160
560,Bonnee,Noble,bnoblefj@ycombinator.com,Female,24.118.131.55
561,Kermy,Najara,knajarafk@examiner.com,Male,26.184.214.140
562,Antonio,Riha,arihafl@omniture.com,Male,175.81.128.74
563,Jay,Paxman,jpaxmanfm@qq.com,Male,27.117.219.176
564,Leupold,Ciciari,lciciarifn@t-online.de,Male,57.202.157.163
565,Armstrong,Stanes,astanesfo@ftc.gov,Male,221.34.234.31
566,Maryl,Thackray,mthackrayfp@dagondesign.com,Female,49.196.16.229
567,Jocelyn,Winspear,jwinspearfq@xrea.com,Female,92.230.158.198
568,Shaine,Garfit,sgarfitfr@oaic.gov.au,Male,108.181.198.193
569,Mikkel,Fosserd,mfosserdfs@opera.com,Male,8.76.24.232
570,Dannie,Scough,dscoughft@tumblr.com,Female,248.146.143.238
571,Tierney,Beedle,tbeedlefu@hud.gov,Female,198.24.70.237
572,Talbot,Eisikowitch,teisikowitchfv@artisteer.com,Male,234.210.233.43
573,Franklin,Kilshaw,fkilshawfw@businesswire.com,Male,115.46.143.180
574,Biron,Ruthven,bruthvenfx@google.it,Male,27.96.91.84
575,Drusy,Nutbeam,dnutbeamfy@people.com.cn,Female,112.153.141.181
576,Denney,Skippen,dskippenfz@wordpress.com,Male,97.165.87.163
577,Cybil,Branford,cbranfordg0@amazon.com,Female,88.143.214.62
578,Bat,Style,bstyleg1@wordpress.com,Male,156.98.138.113
579,Luci,Spinozzi,lspinozzig2@icio.us,Female,169.100.144.25
580,Carry,Boram,cboramg3@bbb.org,Female,86.142.72.163
581,Bunnie,McPheat,bmcpheatg4@photobucket.com,Female,163.28.68.51
582,Lora,Lohering,lloheringg5@bizjournals.com,Female,111.152.43.254
583,Maximilien,Luney,mluneyg6@smh.com.au,Male,149.115.81.222
584,Sherilyn,Colliard,scolliardg7@foxnews.com,Female,0.194.15.185
585,Corey,Scoates,cscoatesg8@sphinn.com,Male,42.25.197.162
586,Slade,Aireton,sairetong9@1und1.de,Male,123.220.175.61
587,Shell,Widd,swiddga@homestead.com,Male,227.56.41.202
588,Eli,Kernell,ekernellgb@umn.edu,Male,142.45.200.60
589,Martita,Coote,mcootegc@independent.co.uk,Female,64.31.7.116
590,Lynett,Troni,ltronigd@google.es,Female,18.203.42.39
591,Dorolice,Rawcliffe,drawcliffege@narod.ru,Female,170.67.223.84
592,Zea,Shreeve,zshreevegf@state.gov,Female,190.116.227.187
593,Flin,Lilywhite,flilywhitegg@ox.ac.uk,Male,138.183.78.105
594,Alyss,Andraud,aandraudgh@economist.com,Female,196.227.15.222
595,Patten,Seares,psearesgi@nps.gov,Male,29.183.2.232
596,Felicia,Millar,fmillargj@goo.ne.jp,Female,205.164.22.218
597,Willy,Wain,wwaingk@youtu.be,Male,99.185.14.102
598,Kearney,Daulby,kdaulbygl@tamu.edu,Male,45.214.214.155
599,Jaymie,Valti,jvaltigm@nature.com,Male,242.169.167.39
600,Gillie,Simone,gsimonegn@odnoklassniki.ru,Female,31.198.224.91
601,Jules,Veel,jveelgo@google.it,Male,152.60.234.246
602,Chaunce,Midgley,cmidgleygp@slashdot.org,Male,8.19.232.76
603,Kath,Leopard,kleopardgq@simplemachines.org,Female,116.135.103.194
604,Flossi,Emor,femorgr@jugem.jp,Female,22.95.69.31
605,Thalia,Fuzzey,tfuzzeygs@instagram.com,Female,192.174.224.19
606,Emilia,Hadye,ehadyegt@nature.com,Female,166.161.71.131
607,Erinna,Behnecke,ebehneckegu@washington.edu,Female,10.93.212.85
608,Gino,Oxlade,goxladegv@behance.net,Male,1.110.148.247
609,Brocky,Dunseith,bdunseithgw@a8.net,Male,84.159.132.113
610,Rochell,Belliss,rbellissgx@wunderground.com,Female,95.247.18.170
611,Gretal,Jeremiah,gjeremiahgy@indiegogo.com,Female,231.167.27.120
612,Kleon,Parriss,kparrissgz@odnoklassniki.ru,Male,180.166.89.202
613,Dwight,Yewdell,dyewdellh0@bandcamp.com,Male,88.103.170.130
614,Lorinda,Ure,lureh1@hao123.com,Female,224.198.172.76
615,Aeriel,Salazar,asalazarh2@dedecms.com,Female,210.87.21.174
616,Romola,Wicken,rwickenh3@sohu.com,Female,91.115.56.181
617,Shadow,Joubert,sjouberth4@scientificamerican.com,Male,193.158.186.140
618,Vittoria,Bertelsen,vbertelsenh5@google.ca,Female,151.158.205.228
619,Wildon,Manz,wmanzh6@ucla.edu,Male,126.244.35.65
620,Angel,Huck,ahuckh7@wufoo.com,Female,248.44.81.119
621,Gaylene,Bousquet,gbousqueth8@hp.com,Female,75.25.51.219
622,Raddy,Stirrup,rstirruph9@mapquest.com,Male,149.66.224.240
623,Tarra,Widdison,twiddisonha@miibeian.gov.cn,Female,216.245.136.27
624,Elysha,Pietron,epietronhb@miitbeian.gov.cn,Female,172.199.69.255
625,Bendix,Ashwell,bashwellhc@google.de,Male,152.253.159.244
626,Doroteya,Bridgement,dbridgementhd@1und1.de,Female,110.57.65.58
627,Con,McElane,cmcelanehe@illinois.edu,Female,220.27.62.248
628,Netty,Canet,ncanethf@google.com.br,Female,230.105.130.136
629,Melisande,Paullin,mpaullinhg@sourceforge.net,Female,103.99.139.150
630,Ber,Anton,bantonhh@mit.edu,Male,140.211.50.211
631,Katusha,Ashforth,kashforthhi@t.co,Female,112.130.49.217
632,Kelbee,McIlreavy,kmcilreavyhj@oracle.com,Male,19.185.74.245
633,Anatola,Attryde,aattrydehk@freewebs.com,Female,126.105.10.23
634,Rudy,Brauninger,rbrauningerhl@4shared.com,Male,91.55.183.30
635,Germayne,Prazor,gprazorhm@quantcast.com,Male,136.225.16.138
636,Charley,Watling,cwatlinghn@themeforest.net,Male,30.78.254.186
637,Emilia,Haigh,ehaighho@stanford.edu,Female,52.148.200.120
638,Riki,Bofield,rbofieldhp@apple.com,Female,45.107.27.172
639,Prudy,Jaskiewicz,pjaskiewiczhq@craigslist.org,Female,157.108.183.40
640,Siward,Nester,snesterhr@weebly.com,Male,246.110.29.216
641,Irvine,Dillon,idillonhs@nyu.edu,Male,14.232.186.206
642,Dannie,Stave,dstaveht@free.fr,Male,187.30.110.174
643,Phaedra,Taleworth,ptaleworthhu@wikimedia.org,Female,183.21.67.203
644,Cissy,Dart,cdarthv@chron.com,Female,24.40.94.193
645,Fidelia,Skipton,fskiptonhw@is.gd,Female,237.147.133.225
646,Liuka,Winslow,lwinslowhx@symantec.com,Female,177.138.154.51
647,Dionysus,Mulran,dmulranhy@cpanel.net,Male,165.176.15.79
648,Corty,Lynagh,clynaghhz@google.nl,Male,206.241.248.170
649,Krissie,Jeremiah,kjeremiahi0@who.int,Female,125.162.146.229
650,Dene,Riches,drichesi1@posterous.com,Male,98.72.202.238
651,Tomaso,Domingues,tdominguesi2@state.gov,Male,156.85.181.66
652,Ferris,Lowes,flowesi3@freewebs.com,Male,60.75.131.116
653,Kassandra,Tatum,ktatumi4@imgur.com,Female,42.91.3.48
654,Bernard,Atwel,batweli5@merriam-webster.com,Male,241.81.11.120
655,Obidiah,Camacke,ocamackei6@freewebs.com,Male,40.239.154.102
656,Rorie,Rexworthy,rrexworthyi7@geocities.com,Female,95.173.23.79
657,Arte,Newcome,anewcomei8@google.co.jp,Male,143.16.38.7
658,Nikita,Duthie,nduthiei9@smh.com.au,Male,145.227.254.216
659,Anetta,Chatenier,achatenieria@illinois.edu,Female,236.82.134.234
660,Glynnis,Cinelli,gcinelliib@amazon.com,Female,216.161.15.47
661,Nell,Truter,ntruteric@disqus.com,Female,252.237.75.146
662,Wileen,Nafzger,wnafzgerid@gizmodo.com,Female,13.166.142.134
663,Todd,Magill,tmagillie@studiopress.com,Male,116.188.30.182
664,Matty,Tremayne,mtremayneif@dell.com,Male,16.110.76.206
665,Joyan,Outibridge,joutibridgeig@hostgator.com,Female,62.5.218.75
666,Garvy,Watkins,gwatkinsih@weebly.com,Male,41.191.187.81
667,Cobbie,Petts,cpettsii@sbwire.com,Male,47.38.244.251
668,Fredek,Ollie,follieij@devhub.com,Male,106.245.211.37
669,Bess,Seefeldt,bseefeldtik@yellowpages.com,Female,104.41.173.72
670,Ettie,Nottingam,enottingamil@geocities.jp,Female,23.166.50.231
671,Helene,MacUchadair,hmacuchadairim@sogou.com,Female,197.156.130.147
672,Garrek,Dobson,gdobsonin@macromedia.com,Male,207.49.99.91
673,Giacobo,Colcutt,gcolcuttio@fastcompany.com,Male,95.210.229.2
674,Shir,Bosch,sboschip@theguardian.com,Female,24.211.111.194
675,Brett,Hriinchenko,bhriinchenkoiq@godaddy.com,Male,231.233.100.244
676,Tiebout,Huison,thuisonir@infoseek.co.jp,Male,147.192.67.150
677,Chantalle,Mardell,cmardellis@thetimes.co.uk,Female,88.227.130.70
678,Frannie,Pleasaunce,fpleasaunceit@epa.gov,Male,141.188.87.120
679,Fonsie,Jessop,fjessopiu@telegraph.co.uk,Male,113.210.144.197
680,Terrill,Bowmer,tbowmeriv@privacy.gov.au,Male,136.190.138.221
681,Garth,Labbett,glabbettiw@discovery.com,Male,158.131.148.135
682,Rouvin,Ashington,rashingtonix@wiley.com,Male,120.142.240.249
683,Mariam,Napton,mnaptoniy@weebly.com,Female,114.7.216.227
684,Benjamin,Dykins,bdykinsiz@bravesites.com,Male,122.33.218.16
685,Evelyn,Blanchet,eblanchetj0@51.la,Female,178.25.216.7
686,Artemus,Reinhard,areinhardj1@squarespace.com,Male,104.164.196.204
687,Barret,Gorke,bgorkej2@tinypic.com,Male,87.200.243.192
688,Arthur,Oganian,aoganianj3@geocities.jp,Male,118.117.244.101
689,Skyler,Taunton,stauntonj4@tamu.edu,Male,20.46.179.50
690,Shelden,Franken,sfrankenj5@mapquest.com,Male,21.187.10.66
691,Martynne,Westgarth,mwestgarthj6@blog.com,Female,186.148.75.124
692,Agace,McIndrew,amcindrewj7@howstuffworks.com,Female,79.16.78.121
693,Hakim,Tidbald,htidbaldj8@webmd.com,Male,70.53.214.199
694,Barri,Wiggin,bwigginj9@wired.com,Male,86.45.43.233
695,Lira,Tanzer,ltanzerja@hc360.com,Female,225.13.218.214
696,Cyrille,Bracknall,cbracknalljb@dmoz.org,Male,23.212.102.132
697,Loralie,Essel,lesseljc@typepad.com,Female,158.3.175.239
698,Seline,Westnage,swestnagejd@taobao.com,Female,147.205.237.46
699,Oswell,Mollin,omollinje@fc2.com,Male,184.41.12.215
700,Gisele,Goodchild,ggoodchildjf@usgs.gov,Female,211.42.33.111
701,Melitta,Cullrford,mcullrfordjg@liveinternet.ru,Female,183.67.187.246
702,Stephen,Dyte,sdytejh@theatlantic.com,Male,198.42.235.12
703,Darice,Dillingstone,ddillingstoneji@google.co.uk,Female,49.190.50.174
704,Shaylyn,Ege,segejj@google.ca,Female,36.223.236.206
705,Jud,Branch,jbranchjk@woothemes.com,Male,226.117.250.149
706,Jacquie,Hagland,jhaglandjl@people.com.cn,Female,231.108.57.114
707,Patric,Vigors,pvigorsjm@google.co.uk,Male,208.130.238.198
708,Malachi,Fluin,mfluinjn@narod.ru,Male,60.133.29.192
709,Gawain,Drew-Clifton,gdrewcliftonjo@microsoft.com,Male,8.159.174.52
710,Gauthier,MacCaughan,gmaccaughanjp@house.gov,Male,225.250.239.119
711,Berthe,Wincom,bwincomjq@wikia.com,Female,87.89.229.179
712,Maryjane,Sanpher,msanpherjr@twitter.com,Female,251.187.24.17
713,Allard,Ferrino,aferrinojs@xinhuanet.com,Male,93.226.183.245
714,Griz,Itzhayek,gitzhayekjt@quantcast.com,Male,174.108.12.37
715,Rani,Pauleit,rpauleitju@nature.com,Female,251.176.12.81
716,Ave,Fairlie,afairliejv@wiley.com,Male,243.12.64.88
717,Dyan,Sisley,dsisleyjw@mashable.com,Female,113.121.204.71
718,Isadora,Flaubert,iflaubertjx@sfgate.com,Female,250.241.21.180
719,Marilee,Smithies,msmithiesjy@nymag.com,Female,225.118.207.176
720,Ozzy,Kupisz,okupiszjz@prnewswire.com,Male,159.236.42.233
721,Carmella,Storie,cstoriek0@pagesperso-orange.fr,Female,72.139.167.183
722,Dolley,Philipard,dphilipardk1@cdc.gov,Female,86.64.41.102
723,Vernon,St Angel,vstangelk2@vkontakte.ru,Male,133.120.29.216
724,Belinda,Spieght,bspieghtk3@icio.us,Female,220.188.206.82
725,Daune,Hallgarth,dhallgarthk4@soup.io,Female,24.185.176.150
726,Hesther,Scotchbrook,hscotchbrookk5@goo.ne.jp,Female,28.122.218.75
727,Meir,Battabee,mbattabeek6@ow.ly,Male,92.118.48.124
728,Flory,Yorath,fyorathk7@cdc.gov,Male,119.146.244.184
729,Joaquin,Killik,jkillikk8@tmall.com,Male,109.39.13.189
730,Stevy,Father,sfatherk9@kickstarter.com,Male,76.184.38.254
731,Amelie,Pardue,apardueka@mediafire.com,Female,59.111.202.255
732,Lewiss,Sanz,lsanzkb@meetup.com,Male,35.35.27.129
733,Quent,Files,qfileskc@globo.com,Male,57.58.22.131
734,Josephina,Josovitz,jjosovitzkd@webeden.co.uk,Female,232.252.97.170
735,Udale,Cottill,ucottillke@spiegel.de,Male,61.196.195.140
736,Magnum,Pandey,mpandeykf@engadget.com,Male,183.208.9.9
737,Esme,Pimley,epimleykg@gnu.org,Male,82.65.229.103
738,Shelley,Whotton,swhottonkh@cbsnews.com,Male,233.121.145.78
739,Veriee,Marion,vmarionki@who.int,Female,184.141.162.7
740,Didi,Kaveney,dkaveneykj@meetup.com,Female,255.189.160.170
741,Verna,Roake,vroakekk@angelfire.com,Female,90.228.62.44
742,Annabella,Jacklin,ajacklinkl@edublogs.org,Female,96.187.196.2
743,Irv,Spargo,ispargokm@typepad.com,Male,199.95.235.2
744,Karim,Wasteney,kwasteneykn@redcross.org,Male,244.219.175.3
745,Bastien,Steele,bsteeleko@alexa.com,Male,152.66.12.104
746,Barth,Brinson,bbrinsonkp@topsy.com,Male,31.25.93.160
747,Pammi,Nast,pnastkq@yellowpages.com,Female,127.17.175.127
748,Doralynne,Kerley,dkerleykr@list-manage.com,Female,247.64.31.19
749,Martyn,Kemet,mkemetks@washington.edu,Male,32.169.150.199
750,George,Dimitresco,gdimitrescokt@over-blog.com,Female,234.12.229.217
751,Anna,Meas,ameasku@ucsd.edu,Female,161.215.53.65
752,Latashia,Everly,leverlykv@dagondesign.com,Female,254.217.37.167
753,Melisa,Feifer,mfeiferkw@marriott.com,Female,201.177.80.160
754,Shandeigh,Kirwood,skirwoodkx@redcross.org,Female,239.146.230.64
755,Bobbette,Stockton,bstocktonky@tiny.cc,Female,181.18.143.86
756,Luis,Silkston,lsilkstonkz@epa.gov,Male,73.207.97.39
757,Charlton,Lossman,clossmanl0@jimdo.com,Male,29.165.135.141
758,Lek,Rossey,lrosseyl1@europa.eu,Male,239.137.185.251
759,Cori,Vanns,cvannsl2@privacy.gov.au,Male,18.184.24.15
760,Mada,Gasnoll,mgasnolll3@163.com,Female,74.70.75.39
761,Merrick,Bedbrough,mbedbroughl4@scribd.com,Male,27.221.220.176
762,Paton,Washbrook,pwashbrookl5@ftc.gov,Male,109.125.14.56
763,Everard,Dyke,edykel6@taobao.com,Male,96.198.55.219
764,Mitchael,Sandwith,msandwithl7@domainmarket.com,Male,144.212.55.152
765,Amalie,Deignan,adeignanl8@samsung.com,Female,171.17.178.212
766,Abba,Staddom,astaddoml9@ucsd.edu,Male,38.136.167.97
767,Bengt,Huckstepp,bhucksteppla@storify.com,Male,158.226.35.13
768,Christie,Flisher,cflisherlb@vinaora.com,Female,120.102.207.198
769,Butch,Drillot,bdrillotlc@jimdo.com,Male,202.197.199.189
770,Bendicty,Gedling,bgedlingld@imageshack.us,Male,226.138.129.188
771,Jillayne,Adrianello,jadrianellole@google.com.hk,Female,152.2.1.146
772,Gianna,Shipston,gshipstonlf@miibeian.gov.cn,Female,149.113.83.247
773,Turner,Powers,tpowerslg@hugedomains.com,Male,188.155.135.152
774,Giana,Antalffy,gantalffylh@t-online.de,Female,143.235.22.247
775,Lodovico,Adrienne,ladrienneli@wordpress.org,Male,112.79.249.82
776,Idalina,Poncet,iponcetlj@archive.org,Female,59.107.112.195
777,Konstance,Ginni,kginnilk@utexas.edu,Female,125.118.48.6
778,Park,Pitsall,ppitsallll@hostgator.com,Male,149.10.77.8
779,Madelle,Donke,mdonkelm@xinhuanet.com,Female,85.104.169.0
780,Dewey,Skidmore,dskidmoreln@princeton.edu,Male,176.230.20.162
781,Johnna,Louthe,jlouthelo@indiegogo.com,Female,101.130.249.193
782,Constancy,Gebhardt,cgebhardtlp@apple.com,Female,202.76.238.111
783,Vite,Stebbings,vstebbingslq@usgs.gov,Male,15.96.128.204
784,Dave,Sherburn,dsherburnlr@cbsnews.com,Male,87.31.133.62
785,Rosy,Sket,rsketls@diigo.com,Female,214.45.171.108
786,Sande,Sands,ssandslt@mozilla.com,Female,98.74.95.157
787,Debbie,Swinnard,dswinnardlu@nasa.gov,Female,195.234.220.144
788,Lewes,Lifton,lliftonlv@so-net.ne.jp,Male,53.136.218.126
789,Valentino,Skule,vskulelw@last.fm,Male,50.94.108.93
790,Elton,Suggitt,esuggittlx@yellowpages.com,Male,197.128.102.25
791,Johnette,Muge,jmugely@netvibes.com,Female,78.14.191.24
792,Martainn,Colbourne,mcolbournelz@diigo.com,Male,63.201.235.31
793,Bronny,O'Lennachain,bolennachainm0@pinterest.com,Male,137.247.160.121
794,Donnell,Risley,drisleym1@mozilla.org,Male,245.191.119.123
795,Franz,Embury,femburym2@com.com,Male,234.11.114.27
796,Arnold,Pendleberry,apendleberrym3@examiner.com,Male,56.63.71.129
797,Darda,Ratcliff,dratcliffm4@miibeian.gov.cn,Female,94.138.94.74
798,Benton,Lowdham,blowdhamm5@businessinsider.com,Male,113.138.165.131
799,Ari,Fritzer,afritzerm6@google.ca,Male,79.128.123.158
800,Bea,McMorran,bmcmorranm7@harvard.edu,Female,0.186.241.253
801,Marc,Maslen,mmaslenm8@independent.co.uk,Male,122.177.25.117
802,Henriette,Woodhams,hwoodhamsm9@wiley.com,Female,139.90.171.59
803,Roger,O'Murtagh,romurtaghma@ihg.com,Male,151.61.5.103
804,Louella,Lavigne,llavignemb@engadget.com,Female,94.97.77.89
805,Georgette,Huckell,ghuckellmc@1und1.de,Female,57.107.234.245
806,Inesita,Branni,ibrannimd@accuweather.com,Female,34.15.18.51
807,Clemens,Windaybank,cwindaybankme@miibeian.gov.cn,Male,99.244.21.196
808,Ralph,Beves,rbevesmf@clickbank.net,Male,36.37.201.79
809,Mirabelle,Penylton,mpenyltonmg@google.com.au,Female,121.85.167.56
810,Carmelina,Roslen,croslenmh@google.com.br,Female,31.61.209.122
811,Maddalena,Faux,mfauxmi@friendfeed.com,Female,58.179.47.8
812,Saul,Damrel,sdamrelmj@psu.edu,Male,39.59.237.9
813,Eadie,Stannett,estannettmk@rediff.com,Female,226.219.111.172
814,Madison,Corck,mcorckml@slate.com,Male,28.156.102.129
815,Anderson,Chamberlen,achamberlenmm@auda.org.au,Male,123.241.207.249
816,Alain,Abrahamsohn,aabrahamsohnmn@ed.gov,Male,59.46.247.53
817,Charla,Tytterton,ctyttertonmo@arizona.edu,Female,14.251.69.117
818,Marysa,Ollive,mollivemp@google.cn,Female,231.103.218.221
819,Townsend,Van der Beek,tvanderbeekmq@arizona.edu,Male,237.34.150.132
820,Kathryne,Klicher,kklichermr@webeden.co.uk,Female,117.80.31.5
821,Selle,Gettone,sgettonems@ftc.gov,Female,215.42.42.42
822,Fernande,Bulford,fbulfordmt@prlog.org,Female,121.169.133.14
823,Tuck,Cutchie,tcutchiemu@simplemachines.org,Male,255.172.36.59
824,Chase,Rust,crustmv@slideshare.net,Male,184.152.92.20
825,Muffin,Summons,msummonsmw@cnbc.com,Male,235.219.4.187
826,Odelia,Dufour,odufourmx@mtv.com,Female,49.207.55.140
827,Fedora,Attard,fattardmy@taobao.com,Female,169.28.215.18
828,Alexandr,Halliberton,ahallibertonmz@theguardian.com,Male,105.175.74.181
829,Quincey,Staner,qstanern0@vk.com,Male,52.12.141.148
830,Stern,Heathcote,sheathcoten1@rakuten.co.jp,Male,200.75.87.159
831,Chen,Flatt,cflattn2@istockphoto.com,Male,31.116.84.231
832,Dominick,MacClancey,dmacclanceyn3@ebay.co.uk,Male,31.120.88.170
833,Kalila,Padefield,kpadefieldn4@umn.edu,Female,7.20.149.115
834,Leann,Goble,lgoblen5@tumblr.com,Female,16.197.184.167
835,Tynan,Doge,tdogen6@msn.com,Male,186.15.20.71
836,Joete,Masdon,jmasdonn7@edublogs.org,Female,112.117.238.84
837,Todd,MacGillicuddy,tmacgillicuddyn8@google.com.br,Male,244.207.221.172
838,Tonye,Crunden,tcrundenn9@addthis.com,Female,193.141.52.248
839,Tera,Brooke,tbrookena@cnbc.com,Female,106.176.75.138
840,Husein,Bristow,hbristownb@github.io,Male,140.176.122.146
841,Liza,Clark,lclarknc@shop-pro.jp,Female,200.10.177.209
842,Cristian,Waliszek,cwaliszeknd@privacy.gov.au,Male,224.38.83.212
843,Larissa,Izaac,lizaacne@uiuc.edu,Female,53.230.130.71
844,Joyce,Aluard,jaluardnf@tmall.com,Female,208.249.43.32
845,Maryanna,Eplate,meplateng@yahoo.co.jp,Female,167.191.234.135
846,William,Abby,wabbynh@hatena.ne.jp,Male,20.97.230.6
847,Sutherlan,Westbrook,swestbrookni@lulu.com,Male,175.43.159.65
848,Mikkel,Sikorsky,msikorskynj@theatlantic.com,Male,131.245.60.82
849,Conny,Northwood,cnorthwoodnk@blogspot.com,Male,205.247.236.154
850,Brandtr,Breslauer,bbreslauernl@answers.com,Male,114.57.53.207
851,Wendell,Andrewartha,wandrewarthanm@sakura.ne.jp,Male,178.168.213.72
852,Petrina,Ciubutaro,pciubutaronn@symantec.com,Female,109.86.7.180
853,Yolande,Cumberpatch,ycumberpatchno@buzzfeed.com,Female,221.20.178.198
854,Michale,Swannack,mswannacknp@arizona.edu,Male,60.206.33.169
855,Danyette,Goley,dgoleynq@naver.com,Female,192.38.28.169
856,Dwain,Casotti,dcasottinr@prweb.com,Male,45.254.0.89
857,Enrica,Terrazzo,eterrazzons@yahoo.co.jp,Female,15.70.109.135
858,Rosmunda,Adrianello,radrianellont@princeton.edu,Female,192.3.195.182
859,Bernette,Hodgen,bhodgennu@linkedin.com,Female,228.219.255.154
860,Kordula,Schieferstein,kschiefersteinnv@t-online.de,Female,13.103.179.34
861,Maiga,Dallan,mdallannw@t.co,Female,37.246.67.42
862,Rosco,Pressnell,rpressnellnx@macromedia.com,Male,242.182.173.200
863,Kalindi,Habbal,khabbalny@harvard.edu,Female,233.141.249.61
864,Wenonah,Corkel,wcorkelnz@who.int,Female,0.49.36.130
865,Shena,Paula,spaulao0@shinystat.com,Female,222.93.40.57
866,Erick,Yesenev,eyesenevo1@prnewswire.com,Male,69.253.143.50
867,Garey,Burdytt,gburdytto2@yellowpages.com,Male,146.140.18.210
868,Thurston,Vousden,tvousdeno3@intel.com,Male,18.245.141.52
869,Patrizia,Greenhow,pgreenhowo4@tinypic.com,Female,61.81.109.26
870,Hayes,Breffitt,hbreffitto5@bluehost.com,Male,75.245.220.141
871,Cindy,Readitt,creaditto6@redcross.org,Female,32.224.32.79
872,Vida,Farnaby,vfarnabyo7@si.edu,Female,255.55.234.222
873,Aggi,Fowlestone,afowlestoneo8@house.gov,Female,73.153.25.156
874,Bret,Robson,brobsono9@twitpic.com,Male,134.35.84.170
875,Antoinette,Radborn,aradbornoa@nih.gov,Female,128.238.240.82
876,Ladonna,Gidley,lgidleyob@behance.net,Female,211.151.157.216
877,Nathanial,Addekin,naddekinoc@si.edu,Male,48.156.195.195
878,Iago,Jelkes,ijelkesod@cocolog-nifty.com,Male,83.73.242.86
879,Alexei,Kirkup,akirkupoe@deviantart.com,Male,93.160.213.175
880,Teodorico,Naptine,tnaptineof@theatlantic.com,Male,220.240.134.24
881,Finley,MacMaykin,fmacmaykinog@typepad.com,Male,198.216.165.27
882,Nicko,Fehners,nfehnersoh@huffingtonpost.com,Male,151.203.18.182
883,Alberik,Elcome,aelcomeoi@mozilla.com,Male,159.241.131.215
884,Alf,Martello,amartellooj@addthis.com,Male,198.214.52.168
885,Julie,Ashelford,jashelfordok@cnbc.com,Male,114.75.241.252
886,Gage,Brownill,gbrownillol@auda.org.au,Male,81.74.200.1
887,Renata,Prue,rprueom@gov.uk,Female,103.97.41.20
888,Maxy,Vater,mvateron@technorati.com,Female,142.31.223.221
889,Reinold,Southcombe,rsouthcombeoo@squidoo.com,Male,75.209.248.163
890,Alexandro,Betteridge,abetteridgeop@mozilla.org,Male,67.72.41.34
891,Boyd,Rassell,brasselloq@apache.org,Male,1.77.99.249
892,Jonell,Gendricke,jgendrickeor@creativecommons.org,Female,93.248.216.48
893,Curran,Kalinsky,ckalinskyos@intel.com,Male,108.112.20.136
894,Marcelia,Fones,mfonesot@example.com,Female,105.109.21.168
895,Carny,Greetham,cgreethamou@hexun.com,Male,211.41.170.48
896,Jilli,Duligal,jduligalov@prnewswire.com,Female,171.161.152.82
897,Alec,Schlagh,aschlaghow@forbes.com,Male,99.157.38.100
898,Boote,McKeag,bmckeagox@cbslocal.com,Male,7.189.65.131
899,Stinky,Spikins,sspikinsoy@umich.edu,Male,7.28.137.135
900,Ashbey,Adanez,aadanezoz@meetup.com,Male,28.116.47.242
901,Vivi,Fairbard,vfairbardp0@berkeley.edu,Female,179.233.243.61
902,Kendrick,Oldridge,koldridgep1@canalblog.com,Male,16.239.105.97
903,Gwendolyn,Still,gstillp2@va.gov,Female,75.218.77.169
904,Binny,Beardon,bbeardonp3@slideshare.net,Female,40.173.120.66
905,Bowie,Blader,bbladerp4@icio.us,Male,151.236.170.193
906,Gilburt,Courtese,gcourtesep5@berkeley.edu,Male,154.92.180.247
907,Tani,Rait,traitp6@live.com,Female,178.183.224.35
908,Nonah,Assinder,nassinderp7@domainmarket.com,Female,0.234.81.244
909,Myles,Poyner,mpoynerp8@mit.edu,Male,138.179.29.132
910,Gill,Cragoe,gcragoep9@jiathis.com,Female,143.227.238.156
911,Lief,Pleaden,lpleadenpa@tinyurl.com,Male,189.38.139.155
912,Daryle,Warlow,dwarlowpb@over-blog.com,Male,99.167.227.144
913,Harris,Whitehouse,hwhitehousepc@unesco.org,Male,4.5.131.31
914,Carmina,Bretherton,cbrethertonpd@japanpost.jp,Female,236.84.35.200
915,Rodrique,Everil,reverilpe@diigo.com,Male,233.252.190.116
916,Carlyle,Divis,cdivispf@drupal.org,Male,193.145.174.90
917,Brett,Temprell,btemprellpg@nydailynews.com,Female,111.203.161.58
918,Buck,Gallen,bgallenph@dropbox.com,Male,106.2.4.114
919,Meridith,Bickerstaffe,mbickerstaffepi@unesco.org,Female,41.194.156.252
920,Brittni,Duding,bdudingpj@chron.com,Female,237.120.52.150
921,Gelya,Tirrell,gtirrellpk@springer.com,Female,234.246.148.84
922,Adore,Wheway,awhewaypl@ezinearticles.com,Female,115.217.157.50
923,Keefe,Tombleson,ktomblesonpm@pen.io,Male,244.76.74.158
924,Baxter,Gianolini,bgianolinipn@miibeian.gov.cn,Male,181.162.207.160
925,Melina,Hue,mhuepo@nhs.uk,Female,80.47.218.80
926,Rube,Thomke,rthomkepp@illinois.edu,Male,238.59.254.101
927,Doy,Balmadier,dbalmadierpq@buzzfeed.com,Male,248.140.168.54
928,Christiane,Dearan,cdearanpr@sourceforge.net,Female,64.19.174.54
929,Noella,Beddie,nbeddieps@parallels.com,Female,155.109.155.64
930,Cash,Najera,cnajerapt@newsvine.com,Male,160.158.43.254
931,Malchy,Baudts,mbaudtspu@drupal.org,Male,232.92.57.114
932,Winfred,Maleham,wmalehampv@toplist.cz,Male,176.38.241.231
933,Jilleen,Riddles,jriddlespw@biblegateway.com,Female,206.234.133.242
934,Ernestus,McSkin,emcskinpx@tuttocitta.it,Male,18.148.211.220
935,Riley,Labone,rlabonepy@usa.gov,Male,241.59.166.203
936,Alyda,Dracksford,adracksfordpz@studiopress.com,Female,215.84.99.193
937,Zachary,Hector,zhectorq0@e-recht24.de,Male,197.143.93.233
938,Willard,Yateman,wyatemanq1@google.com.hk,Male,255.79.218.99
939,Melba,Smitheman,msmithemanq2@slate.com,Female,182.83.7.239
940,Bobbye,Goodacre,bgoodacreq3@home.pl,Female,42.105.74.191
941,Jo-anne,Deeny,jdeenyq4@miibeian.gov.cn,Female,84.148.137.170
942,Ruy,Sepey,rsepeyq5@sakura.ne.jp,Male,6.124.80.198
943,Dare,Caroli,dcaroliq6@wordpress.org,Male,76.63.155.119
944,Twyla,Mannin,tmanninq7@creativecommons.org,Female,75.160.201.8
945,Gaby,Edlyn,gedlynq8@yellowpages.com,Male,196.1.13.29
946,Seka,Eblein,sebleinq9@paginegialle.it,Female,0.109.174.113
947,Lacee,Vink,lvinkqa@163.com,Female,182.224.199.244
948,Shelby,Brooker,sbrookerqb@economist.com,Male,147.17.22.184
949,Adrea,Castello,acastelloqc@blogtalkradio.com,Female,51.25.230.240
950,Cal,Thurlbourne,cthurlbourneqd@dmoz.org,Female,17.49.68.76
951,Legra,Fraschetti,lfraschettiqe@ca.gov,Female,78.95.44.62
952,Munmro,Mueller,mmuellerqf@forbes.com,Male,130.159.64.88
953,Jeniece,Bloxsome,jbloxsomeqg@feedburner.com,Female,36.240.24.64
954,Yalonda,Chess,ychessqh@toplist.cz,Female,26.117.209.93
955,Byron,Gilliver,bgilliverqi@exblog.jp,Male,17.0.29.25
956,Karlis,Killingworth,kkillingworthqj@princeton.edu,Male,89.142.28.149
957,Dennis,Beagen,dbeagenqk@tumblr.com,Male,86.185.229.215
958,Idaline,Bedwell,ibedwellql@deviantart.com,Female,110.175.231.118
959,Dania,Outerbridge,douterbridgeqm@tripadvisor.com,Female,48.112.52.224
960,Fredra,Ulyatt,fulyattqn@nationalgeographic.com,Female,113.50.160.80
961,Tomas,Wilds,twildsqo@walmart.com,Male,47.142.126.111
962,Birgitta,Tripean,btripeanqp@icq.com,Female,93.253.135.108
963,Libbey,Oldnall,loldnallqq@geocities.com,Female,12.102.123.159
964,Christal,Claringbold,cclaringboldqr@zdnet.com,Female,101.69.246.219
965,Phineas,Millmoe,pmillmoeqs@harvard.edu,Male,128.53.95.193
966,Eugenio,Charles,echarlesqt@sfgate.com,Male,186.152.88.215
967,Dion,Service,dservicequ@squidoo.com,Male,6.28.96.91
968,Ode,Dufer,oduferqv@hugedomains.com,Male,99.187.207.153
969,Vern,Stroton,vstrotonqw@netvibes.com,Male,133.44.49.206
970,Merrielle,Brane,mbraneqx@unesco.org,Female,193.233.54.55
971,Kristofer,Turbern,kturbernqy@freewebs.com,Male,123.149.44.73
972,Billie,Walpole,bwalpoleqz@dailymotion.com,Male,117.83.235.17
973,Kat,Davydochkin,kdavydochkinr0@yahoo.co.jp,Female,112.49.147.9
974,Georg,Bohlsen,gbohlsenr1@loc.gov,Male,236.132.160.30
975,Clarissa,Sandland,csandlandr2@imgur.com,Female,36.220.156.113
976,Pattie,Well,pwellr3@jimdo.com,Male,154.246.124.217
977,Judy,Townsend,jtownsendr4@yelp.com,Female,135.34.102.236
978,Mable,Deverille,mdeveriller5@homestead.com,Female,71.173.170.246
979,Maggi,Gredden,mgreddenr6@ed.gov,Female,222.101.100.178
980,Nomi,Lingard,nlingardr7@salon.com,Female,111.225.12.123
981,Carmita,Pettigrew,cpettigrewr8@trellian.com,Female,145.109.66.150
982,Laraine,Boissier,lboissierr9@t-online.de,Female,142.190.39.165
983,Jackqueline,Byard,jbyardra@shop-pro.jp,Female,12.112.158.216
984,Kamillah,Fayer,kfayerrb@privacy.gov.au,Female,86.215.247.116
985,Latia,Pearcey,lpearceyrc@symantec.com,Female,130.90.156.43
986,Ashia,Taylour,ataylourrd@wisc.edu,Female,224.7.158.133
987,Ely,Beenham,ebeenhamre@mtv.com,Male,254.11.186.124
988,Dianemarie,Attarge,dattargerf@github.com,Female,54.150.11.115
989,Richmound,Cleyne,rcleynerg@shutterfly.com,Male,223.200.17.252
990,Rutger,Riddock,rriddockrh@google.pl,Male,50.89.58.27
991,Ree,Bradick,rbradickri@globo.com,Female,137.114.150.235
992,Lowrance,Slorach,lslorachrj@smugmug.com,Male,185.115.99.135
993,Annaliese,Count,acountrk@gizmodo.com,Female,202.135.153.58
994,Jenine,Lechelle,jlechellerl@answers.com,Female,55.15.115.96
995,Harry,Lymbourne,hlymbournerm@sciencedaily.com,Male,221.169.115.74
996,Garrott,Wippermann,gwippermannrn@biglobe.ne.jp,Male,93.117.139.221
997,Torie,Bassilashvili,tbassilashviliro@prnewswire.com,Female,25.83.153.66
998,Terry,Viggers,tviggersrp@freewebs.com,Male,34.231.119.128
999,Dew,Mcettrick,dmcettrickrq@flavors.me,Male,226.206.167.234
1000,Ansel,Pallent,apallentrr@sourceforge.net,Male,199.7.189.250
